Aufgabe;Kategorie;Frage;Antwort
1a;Beschaffung;Wie funktioniert eine gewichtete Entscheidungsmatrix zur Auswahl eines Angebots?;"Für jedes Kriterium wird die Bewertung mit der Gewichtung verrechnet. Die gewichteten Werte werden addiert; die höchste geeignete Gesamtpunktzahl bestimmt die Rangfolge."
1b;Kostenrechnung;Wie berechnet man monatliche Gesamtkosten, wenn Anschaffungskosten, Rabatt, Nutzungsdauer, Leasing und Wartung gegeben sind?;Rabattierte Anschaffungskosten auf die Nutzungsmonate verteilen und anschließend monatliche Leasing- und Wartungskosten addieren.
1c;Schnittstellen;Welche typischen Monitoranschlüsse solltest du erkennen können?;HDMI, USB-C, DVI und DisplayPort (DP).
1d;WiSo;Wann kommt ein Kaufvertrag zustande, wenn auf eine Bestellung keine Auftragsbestätigung folgt, die Ware aber geliefert wird?;"Mit der Lieferung: Die Bestellung ist der Antrag; die Lieferung kann als Annahme durch schlüssiges Handeln gelten."
1e;WiSo;Nenne drei Inhalte, die in einem Kaufvertrag geregelt sein können.;Zum Beispiel Kaufgegenstand, Menge, Kaufpreis, Zahlungsbedingungen, Lieferbedingungen oder Liefertermin.
1fa;WiSo;Nenne zwei mögliche Kaufvertragsstörungen.;Lieferverzug und mangelhafte Lieferung.
1fb;WiSo;Welche Maßnahmen können Kaufvertragsstörungen wie Lieferverzug oder mangelhafte Lieferung reduzieren?;"Zum Beispiel sofortige Mahnung bzw. Analyse der Lieferkette bei Lieferverzug; sofortige Warenkontrolle, sorgfältige Lieferantenauswahl oder vereinbarte Vertragsstrafen bei mangelhafter Lieferung."
2a;Netzwerk;Was bedeuten eine dauerhaft leuchtende und eine unregelmäßig blinkende LED an einer Netzwerkkarte?;Dauerhaft leuchtend: physikalische Netzwerkverbindung besteht. Unregelmäßig blinkend: Es findet Netzwerkkommunikation bzw. Datenaustausch statt.
2b;OSI;Ordne DHCP, TCP, eine verbindungslokale IPv6-Adresse, eine physische Adresse und die Netzwerkbuchse den OSI-Schichten zu.;"DHCP: Schicht 7 Anwendung; TCP: Schicht 4 Transport; verbindungslokale IPv6-Adresse: Schicht 3 Vermittlung; physische/MAC-Adresse: Schicht 2 Sicherung; Buchse: Schicht 1 Bitübertragung."
2c;IPv6;Welche Eigenschaften hat die IPv6-Adresse fe80::521a:c5ff:fef2:38b7 bei einem /64-Präfix?;IPv6 hat 128 Bit. Ungekürzt: fe80:0000:0000:0000:521a:c5ff:fef2:38b7. Präfixlänge: 64 Bit. Interface-Identifier: 521a:c5ff:fef2:38b7.
2d;DHCP;Welche grundlegenden IPv4-Informationen kann ein DHCP-Server einem Client bereitstellen?;Zum Beispiel IPv4-Adresse und Subnetzmaske.
2e;ARP;Was ist die grundlegende Aufgabe von ARP in einem IPv4-LAN?;ARP ermittelt zu einer IPv4-Adresse die zugehörige MAC-Adresse im lokalen Netzwerk.
2f;Netzwerkbefehle;Mit welchem Befehl kann die Erreichbarkeit eines anderen Hosts geprüft werden?;"Zum Beispiel mit ping <IP-Adresse>; auch tracert kann für die Analyse des Pfades verwendet werden."
2g;Netzwerk;Welche Informationen werden für einen Host bei einer ARP-Zuordnung miteinander verknüpft?;Die IPv4-Adresse und die zugehörige physische MAC-Adresse.
3a;Recherche;Nenne drei Möglichkeiten, Informationen über ein unbekanntes Dateiformat zu finden.;Zum Beispiel Suchmaschine, Foren/Online-Communities, Hersteller, Fachliteratur, Handbücher oder ein KI-Chatbot.
3b;Dateiformate;Wie können Daten eines nicht direkt unterstützten Dateiformats in einem CAD-System verwendet werden?;"Zum Beispiel über Import-/Exportfunktionen oder einen Dateiformatkonverter; alternativ kann ein eigener Konverter entwickelt werden."
3c;Dateiformate;Was ist der grundlegende Unterschied zwischen einer ASCII-Datei und einer Binärdatei?;ASCII speichert Daten als Zeichen und kann mit einem Texteditor gelesen/bearbeitet werden. Binärdaten liegen in einem binären Format vor und benötigen typischerweise eine passende Anwendung.
3da;Speicherberechnung;3840 Punkte besitzen jeweils drei Koordinaten mit je 32 Bit. Wie groß ist der Speicherbedarf ohne Header und Farbdaten?;"3 × (32 Bit / 8) × 3840 = 46.080 Byte; 46.080 / 1024 = 45 KiB."
3db;Farbtiefe;Wie viele Farben lassen sich mit RGB und 8 Bit pro Farbkanal darstellen?;2^8 × 2^8 × 2^8 = 256³ = 16.777.216 Farben.
3dc;Speicherberechnung;Ein Punkt benötigt für drei 32-Bit-Koordinaten 12 Byte. Wie viel zusätzlichen Speicher benötigt RGB mit 8 Bit pro Kanal pro Punkt?;RGB benötigt 3 Byte zusätzlich. 3 / 12 × 100 = 25 % zusätzlicher Speicher.
3e;Hardware;Wie wird ein Netzteil ausgewählt, wenn die Komponenten zusammen 560 W benötigen und 10 % Puffer gefordert sind?;560 W × 1,10 = 616 W. Bei verfügbaren Netzteilen in 50-W-Schritten wird das nächstgrößere Netzteil mit 650 W gewählt.
3f;Kostenrechnung;Wie werden Stromkosten eines PCs aus Leistung, Wirkungsgrad, Auslastung, Betriebszeit und Strompreis berechnet?;Aufnahme aus dem Netz berücksichtigen und mit Auslastung, Betriebsstunden und Strompreis multiplizieren. Im Prüfungsbeispiel mit 650 W: 200 × 9 h × (0,650 kW / 0,90) × 0,5 × 0,40 €/kWh = 260 €.
4a;IT-Sicherheit;Nenne drei Maßnahmen zum Schutz vertraulicher Daten beim mobilen Arbeiten in öffentlichen Bereichen.;Zum Beispiel sichere Zugangs-/Zugriffskontrolle, Datenverschlüsselung, lokale Datensicherung, VPN und Blickschutzfolie.
4b;VPN;Was ist ein VPN?;Ein Virtual Private Network stellt eine geschützte bzw. verschlüsselte Verbindung über ein öffentliches Netz wie das Internet zu einem entfernten Netzwerk her.
4c;Backup;Nenne drei Aspekte für zuverlässige Sicherungen auf mehreren externen Festplatten.;"Datenträger verschlüsseln; Sicherungsmedien in fester Reihenfolge wechseln; mehrere Sicherungsstände vorhalten, z. B. nach dem Großvater-Vater-Sohn-Prinzip."
4da/db;Malware;Nenne drei Malware-Arten und jeweils ein typisches Merkmal.;"Beispiel: Virus – befällt Programmcode und verbreitet sich; Wurm – verbreitet sich nach Infektion selbstständig; Trojaner – steckt in scheinbar nützlicher Software und wird mit ihr aktiviert."
4e;Malware;Nenne drei zusätzliche Maßnahmen zum Schutz vor Malware.;Zum Beispiel keine unbekannten Datenträger verwenden, keine Downloads aus unsicheren Quellen, keine unbekannten Makros/Anhänge ausführen, regelmäßig Updates installieren und Mitarbeiter sensibilisieren.
4f;Datenübertragung;Wie lange dauert der Upload von 1 GiB bei 50,02 Mbit/s gemäß Prüfungsrechnung?;"1 GiB × 1024³ × 8 / (50,02 × 1.000.000) ≈ 171,7 s; auf volle Sekunden aufgerundet 172 s = 2 min 52 s."
1a;IT-Sicherheit;Nenne drei technische Möglichkeiten für eine automatische Zutrittskontrolle.;Zum Beispiel Fingerabdrucksensor, Stimmerkennung, Zahlencode oder Kartenscanner.
1b;IT-Sicherheit;Welche Risiken können externe Personen, lose Kabel und BYOD in einem Besprechungsraum verursachen?;Externe Personen: vertrauliche Informationen können abfließen. Lose Kabel: Netzwerkverbindungen können versehentlich unterbrochen werden. BYOD: Malware oder Ausspähung kann das Firmennetz gefährden.
1c;IT-Sicherheit;Warum sind eine Minimalkonfiguration und ein vom Firmennetz getrenntes Netz für einen Präsentations-PC sinnvoll?;Minimalkonfigurationen sind einfacher zu pflegen, weniger fehleranfällig und bieten weniger Angriffsfläche. Die Netztrennung verhindert den Zugriff des Präsentationsrechners bzw. seiner Nutzer auf Daten im Firmennetz.
1da;APIPA;Warum erhält ein Windows-PC eine Adresse aus 169.254.0.0/16?;Der PC ist auf dynamische Adressvergabe eingestellt, erreicht aber keinen DHCP-Server und vergibt sich deshalb selbst eine APIPA-Adresse.
1db;IPv4;Welche statische IPv4-Konfiguration passt zu 192.168.20.0/24, wenn 192.168.20.1 das Gateway ist und DHCP 192.168.20.20–254 verwendet?;Zum Beispiel IP 192.168.20.10, Subnetzmaske 255.255.255.0, Standardgateway 192.168.20.1. Die statische Hostadresse muss außerhalb des DHCP-Bereichs liegen.
1dc;Netzwerkdiagnose;Wie kann man herausfinden, welche von zwei unbeschrifteten Netzwerkbuchsen mit einem bestimmten Netz verbunden ist?;"PC per Patchkabel anschließen und das bekannte Gateway anpingen. Bei erfolgreicher Antwort ist die Buchse gefunden; sonst die andere Buchse testen und anschließend korrekt beschriften."
1dd;Netzwerkbefehle;Mit welchen Konsolenbefehlen kann eine MAC-Adresse ermittelt werden und wie sieht eine MAC-Adresse aus?;Zum Beispiel ipconfig /all, ifconfig oder getmac /v. Beispiel: A1-83-54-64-C3-78.
2a;Softwareentwicklung;Nenne zwei Argumente gegen die Fremdvergabe einer Softwareentwicklung.;Zum Beispiel Weitergabe von Know-how, Abhängigkeit von Dritten, höherer Abstimmungs-/Verwaltungsaufwand sowie Sicherheits- und Datenschutzbedenken.
2b;Softwareentwicklung;Welche Kriterien können bei der Auswahl einer Programmiersprache wichtig sein?;Zum Beispiel Anforderungen des Projekts, vorhandene Entwicklerkenntnisse, verfügbare Tools/Frameworks und die zukünftige Pflege bzw. Unterstützung der Sprache.
2c;Programmierung;Was ist der wesentliche Unterschied zwischen Compiler- und Interpreter-Sprachen?;Compiler übersetzen Code im Voraus in Maschinencode. Interpreter interpretieren und führen den Code zur Laufzeit schrittweise aus.
2d;UML;Wie wird in einem UML-Use-Case-Diagramm dargestellt, dass ein Administrator alle Rechte eines Mitarbeiters erbt und bestimmte Aktionen immer eine Berechtigungsprüfung benötigen?;Der Administrator wird per Generalisierung/Vererbung mit dem Mitarbeiter verbunden. Die betroffenen Anwendungsfälle erhalten eine «include»-Beziehung zur Berechtigungsprüfung.
2e;Programmierung;Was gibt eine Berechtigungsfunktion zurück, wenn für eine Mitarbeiter-ID der angefragte Raum nicht in den hinterlegten Berechtigungen vorkommt?;False, weil keine passende Kombination aus Mitarbeiter-ID und Raumnummer gefunden wird.
2f;Kostenrechnung;Wie berechnet man die Gesamtkosten eines Schließsystems über fünf Jahre einschließlich 19 % Mehrwertsteuer?;Alle Nettokosten einschließlich wiederkehrender Lizenzkosten summieren und anschließend × 1,19 rechnen. Im Prüfungsbeispiel: 40.445,00 € netto und 48.129,55 € brutto.
3a;Finanzierung;Wie funktioniert die Zinsberechnung bei einem Ratendarlehen mit gleichbleibender Tilgung?;Die Tilgung bleibt gleich, die Restschuld sinkt. Die Zinsen werden jeweils auf die verbleibende Restschuld berechnet und sinken daher. Im Beispiel: Gesamtzinsen 1.440 €, Gesamtzahlungen 13.440 €.
3ba;Arbeitsspeicher;Wie beurteilt man die Kompatibilität von DDR4- und DDR5-RAM sowie unterschiedlich schnellem DDR4-RAM?;DDR4 und DDR5 sind nicht miteinander kompatibel. DDR4-Module unterschiedlicher Taktraten können kompatibel sein, laufen aber typischerweise mit der niedrigeren gemeinsamen Geschwindigkeit.
3bb;Arbeitsspeicher;Welcher zusätzliche RAM ist bei vorhandenem DDR4-3200 wirtschaftlich sinnvoll, wenn DDR4-3200 deutlich günstiger als DDR4-5600 ist?;DDR4-3200, weil der schnellere DDR4-Riegel zusammen mit dem langsameren vorhandenen Speicher keinen entsprechenden Geschwindigkeitsvorteil bringt.
3bc;Massenspeicher;Nenne drei Vorteile einer SSD gegenüber einer HDD.;Zum Beispiel höhere Lese-/Schreibgeschwindigkeit, geringerer Energiebedarf, lautloser Betrieb, kompakte Bauform und höhere Unempfindlichkeit gegen Erschütterungen.
3ca;Phishing;Welche Gefahr besteht bei Phishing-Mails?;Angreifer können Zugangsdaten stehlen und dadurch Zugriff auf sicherheitskritische Informationen oder Systeme erhalten.
3cb;Phishing;Nenne drei typische Anzeichen für eine Phishing-Mail.;Zum Beispiel Fehler in der Mail, fehlende persönliche Anrede, künstlicher Zeitdruck und Aufforderung zur Eingabe persönlicher Daten.
3cc;Phishing;Nenne zwei organisatorische oder technische Maßnahmen eines Unternehmens gegen Phishing.;Zum Beispiel gute Spamfilter einsetzen, Phishing-Simulationen durchführen und Mitarbeiter schulen.
3cd;Phishing;Welche Verhaltensregeln können Mitarbeitern zum Schutz vor Phishing vorgegeben werden?;Keine Zugangsdaten per E-Mail senden, keine verdächtigen Links öffnen, keine Anhänge unbekannter Quellen ausführen und Verdachtsfälle an die IT melden.
4a;Projektmanagement;Was ist der Unterschied zwischen Lastenheft und Pflichtenheft?;Das Lastenheft beschreibt die Anforderungen und gewünschten Funktionen aus Sicht des Auftraggebers. Das Pflichtenheft beschreibt, wie der Auftragnehmer diese Anforderungen umsetzen will.
4b;Datenbanken;Wie lässt sich ein Datenmodell mit Mitarbeitern und Aufträgen redundanzarm gestalten, wenn jeder Auftrag genau einem Mitarbeiter zugeordnet ist?;"Mitarbeiter und Auftrag als getrennte Entitäten mit Primärschlüsseln modellieren. Der Auftrag erhält die Zuordnung zum Mitarbeiter; Beginn und Ende der Bearbeitung gehören zum Auftrag. Beziehung: ein Mitarbeiter kann mehrere Aufträge bearbeiten, jeder Auftrag wird von einem Mitarbeiter bearbeitet."
4c;Leasing;Nenne drei Vorteile von Leasing gegenüber einem direkten Kauf.;Zum Beispiel geringere unmittelbare Liquiditätsbelastung, leichterer Austausch des Leasinggegenstands, kalkulierbare Raten, vereinbarbarer Wartungsaufwand und mögliche steuerliche Absetzbarkeit der Leasingraten.
4d;Leasing;Welche Möglichkeiten bestehen nach Ablauf eines Leasingvertrags?;Zum Beispiel Rückgabe, Vertragsverlängerung, Kauf des Leasinggegenstands oder Austausch gegen einen neuen Vertragsgegenstand.
4e;Nachhaltigkeit;Nenne zwei ökologische Aspekte, die bei einer Neuinvestition in eine Maschine berücksichtigt werden können.;Neue Maschinen können weniger Energie und Material verbrauchen sowie geringere Emissionen verursachen. Andererseits benötigt ihre Herstellung Ressourcen und die alte Maschine muss eventuell entsorgt werden.
1aa/ab;Entscheidungsmatrix;Wie wird bei einer Entscheidungsmatrix das bevorzugte Gerät bestimmt?;Die Geräte werden je Kriterium bewertet und die Punkte addiert. Im Prüfungsbeispiel erzielt Modell 2 mit 11 Punkten den höchsten Wert und wird ausgewählt.
1ac;Kostenrechnung;Wie berechnet man die monatlichen Gesamtkosten eines gekauften Geräts aus Kaufpreis, Nutzungsdauer, Seitenkosten und Wartung?;Kaufpreis durch Nutzungsmonate teilen und variable Seitenkosten sowie monatliche Wartung addieren. Im Prüfungsbeispiel für Modell 2: 2.844 €/36 + 0,07 €×500 + 0,05 €×2.000 + 10 € = 224 €/Monat.
1b;Schnittstellen;Welche vier Hardwareanschlüsse solltest du an einem Multifunktionsgerät erkennen können?;RJ45, USB Typ A, USB Typ C und Kaltgerätebuchse.
1c;Funktechnologien;Welche Funktechnologien werden durch die typischen Symbole für Funknetz und stilisiertes B dargestellt?;WLAN und Bluetooth.
1d;Subnetting;In einem /26-Netz 192.168.100.0/26 sind bereits Hosts bis .42 vorhanden. Welche höchste nutzbare Adresse kann ein weiterer Host erhalten?;"192.168.100.62 ist die höchste Hostadresse; .63 ist Broadcast. Im Prüfungsfall wurde 192.168.100.61 für den Drucker verwendet."
1ea;IT-Sicherheit;Nenne vier Maßnahmen zur sicheren Konfiguration eines Windows-Arbeitsplatzes.;Zum Beispiel Security Compliance Toolkit verwenden, komplexe Passwörter nutzen, interne Firewall aktivieren, Betriebssystem regelmäßig aktualisieren und Memory-Integrity-Funktionen aktivieren.
1eb;Berechtigungen;Warum sollten normale Anwender nicht pauschal lokale Administratorrechte erhalten?;"Der Rechner und das Netzwerk werden anfälliger für Malware; außerdem können Benutzer erhöhte Rechte missbrauchen und unerwünschte Aktionen durchführen."
2aa;Datenschutz;Nenne eine rechtliche Grundlage für den Schutz personenbezogener Daten.;Zum Beispiel DSGVO oder Bundesdatenschutzgesetz (BDSG).
2ab;Datenschutz;Welchen grundlegenden Zweck haben Datenschutzvorschriften?;Sie dienen dem Schutz personenbezogener Daten.
2ba;Kryptografie;Wie wird bei asymmetrischer Verschlüsselung eine vertrauliche Nachricht an einen Empfänger verschlüsselt und entschlüsselt?;Die Nachricht wird mit dem öffentlichen Schlüssel des Empfängers verschlüsselt und mit dessen privatem Schlüssel entschlüsselt.
2bb;IT-Sicherheit;Welches Schutzziel wird durch die Verschlüsselung einer E-Mail erreicht?;Vertraulichkeit.
2bc;Kryptografie;Nenne einen Vorteil und einen Nachteil asymmetrischer gegenüber symmetrischer Verschlüsselung.;Vorteil: Ein geheimer Schlüssel muss nicht sicher zwischen den Kommunikationspartnern übertragen werden. Nachteil: Ver- und Entschlüsselung benötigen mehr Rechenaufwand.
2c;Software;Nenne einen möglichen Vorteil von Open-Source-Software und einen von proprietärer Software.;Open Source: Quellcode ist öffentlich prüf- und verbesserbar und die Software kann ggf. kostenlos sein. Proprietär: ggf. besserer Herstellerservice und bessere Integration in Produkte desselben Herstellers.
2da;Hash;Wie kann ein Hashwert nach einem Softwaredownload zur Integritätsprüfung verwendet werden?;Nach dem Download wird der Hash der Datei neu berechnet und mit dem veröffentlichten Hash verglichen. Abweichungen können auf Übertragungsfehler oder Manipulation hinweisen.
2db;E-Mail;Warum eignet sich IMAP gut für die Nutzung eines Postfachs auf mehreren Geräten?;E-Mails können auf dem Server verbleiben, sodass das Postfach von mehreren Clients aus bearbeitet werden kann.
3aa/ab;Projektmanagement;Was ist ein kritischer Pfad in einem Netzplan?;Die Folge von Vorgängen, die die Projektdauer bestimmt und keinen zeitlichen Puffer besitzt. Im Prüfungsbeispiel lautet der kritische Pfad A-B-D-E-I-J.
3b;Web;Was ist der Unterschied zwischen einer statischen und einer dynamischen Website?;Eine statische Website zeigt zuvor erstellte, unveränderte Inhalte. Eine dynamische Website erzeugt Inhalte zur Laufzeit, z. B. abhängig von Benutzerinteraktionen oder Parametern.
3c;Webentwicklung;Nenne drei Programmiersprachen, die für dynamische Webinhalte verwendet werden können.;"Zum Beispiel JavaScript, PHP und Python; auch Ruby oder Java Enterprise Edition wurden als Lösungen genannt. HTML und CSS sind keine Programmiersprachen."
3d;Webanalyse;Wie berechnet man durchschnittliche Seitenaufrufe pro Besucher, Suchmaschinenanteil und Non-Bounce-Rate?;"Seitenaufrufe/Besucher; Suchmaschinenbesucher/Besucher×100; (Besucher−Bounces)/Besucher×100. Im Prüfungsbeispiel: 2,75; 46,35 %; 37,05 %."
3e;Pseudocode;Wie wird ein verschachtelter If-/Else-Pseudocode ausgewertet?;"Bedingungen werden der Reihe nach geprüft; sobald eine zutreffende Verzweigung erreicht ist, ergibt sich deren Rückgabewert. Im Prüfungsbeispiel lauten die Ergebnisse „Gut, SEO könnte besser sein“ und „Langsam und nicht mobilfreundlich“."
4a;KI;Nenne sinnvolle Einsatzmöglichkeiten von KI in einem Büro- bzw. Kanzleiprozess.;Zum Beispiel Daten erfassen, Übersetzung unterstützen, Sachverhaltsinformationen abfragen, Nachrichten Akten zuordnen, Termine zuweisen, Gesetzestexte und Urteile zusammenfassen oder verständliche Anschreiben vorbereiten.
4b;KI;Welche Vorteile kann KI für Mitarbeiter bei wiederkehrenden Tätigkeiten bieten?;Sie kann die Fehlerhäufigkeit reduzieren und Zeit für höherqualifizierte Tätigkeiten freisetzen.
4c;Kostenrechnung;Wie hoch sind die jährlichen Kosten für drei KI-Systeme bei 100 € monatlich, 1.800 € Einrichtung und 3 Stunden Schulung zu je 200 € pro System?;Pro System: 100×12 + 1.800 + 200×3 = 3.600 €. Für drei Systeme: 10.800 € pro Jahr.
4d;KI;Nenne mögliche Vor- und Nachteile eines KI-Chatbots für eine Kanzlei.;Vorteile: 24/7-Erreichbarkeit, mögliche Mandantengewinnung, Erstinformation ohne Personalaufwand. Nachteile: möglicher Verlust persönlichen Kontakts, oberflächliche Beratung kann dem Image schaden, Nutzer könnten sich auf den Chatbot beschränken.
4ea;Remotezugriff;Welche Einstellungen werden für eine verschlüsselte SSH-Verbindung typischerweise benötigt?;Zielhost bzw. IP-Adresse, Port 22 und Verbindungstyp SSH.
4eb;Remotezugriff;Warum sind Serial und Telnet gegenüber SSH für eine sichere Remoteverbindung ungeeignet?;"Serial und Telnet sind in der Prüfungsaufgabe als unverschlüsselte Verbindungstypen angegeben; SSH stellt die verschlüsselte Variante dar."
4fa;Datenbanken;Was bedeutet Redundanz in einer Datenbank?;Mehrfachspeicherung derselben Daten.
4fb;Datenbanken;Welche Probleme können durch Datenredundanz entstehen?;"Änderungen müssen an mehreren Stellen erfolgen; ausgelassene Änderungen erzeugen Inkonsistenzen. Außerdem steigt der Änderungsaufwand und es können Einfüge-, Lösch- oder Änderungsanomalien entstehen."
